{"cameraMode":{"drawMode":0,"name":"Shaded","section":"Shading Mode"},"sceneLighting":true,"audioPlay":false,"sceneViewState":{"showFog":true,"showMaterialUpdate":false,"showSkybox":true,"showFlares":true,"showImageEffects":true,"showParticleSystems":true,"showVisualEffectGraphs":true,"m_FxEnabled":true},"in2DMode":false,"pivot":{"x":0.25812792778015139,"y":1.0798183679580689,"z":0.8860194683074951},"rotation":{"x":0.2032461166381836,"y":-0.19244907796382905,"z":0.04078275337815285,"w":0.9591742753982544},"size":2.720172166824341,"orthographic":false}