{"cameraMode":{"drawMode":0,"name":"Shaded","section":"Shading Mode"},"sceneLighting":true,"audioPlay":false,"sceneViewState":{"showFog":true,"showMaterialUpdate":false,"showSkybox":true,"showFlares":true,"showImageEffects":true,"showParticleSystems":true,"showVisualEffectGraphs":true,"m_FxEnabled":true},"in2DMode":false,"pivot":{"x":483.5000305175781,"y":173.00399780273438,"z":0.3264999985694885},"rotation":{"x":-0.16460567712783814,"y":-0.12920615077018739,"z":0.021754933521151544,"w":-0.9776183366775513},"size":278.60211181640627,"orthographic":false}