{"cameraMode":{"drawMode":0,"name":"Shaded","section":"Shading Mode"},"sceneLighting":false,"audioPlay":false,"sceneViewState":{"showFog":true,"showMaterialUpdate":false,"showSkybox":false,"showFlares":true,"showImageEffects":true,"showParticleSystems":true,"showVisualEffectGraphs":true,"m_FxEnabled":true},"in2DMode":false,"pivot":{"x":-0.4489094316959381,"y":-0.14883071184158326,"z":0.17856568098068238},"rotation":{"x":0.4126589894294739,"y":0.2333199828863144,"z":-0.11021583527326584,"w":0.8735717535018921},"size":0.6211472749710083,"orthographic":false}