{"cameraMode":{"drawMode":0,"name":"Shaded","section":"Shading Mode"},"sceneLighting":false,"audioPlay":false,"sceneViewState":{"showFog":true,"showMaterialUpdate":false,"showSkybox":false,"showFlares":true,"showImageEffects":true,"showParticleSystems":true,"showVisualEffectGraphs":true,"m_FxEnabled":true},"in2DMode":false,"pivot":{"x":-0.09257543087005615,"y":0.4064100384712219,"z":-0.29369473457336428},"rotation":{"x":-0.12300680577754975,"y":0.7256327867507935,"z":-0.1345256119966507,"w":-0.6634984612464905},"size":0.2660253643989563,"orthographic":false}