{"cameraMode":{"drawMode":0,"name":"Shaded","section":"Shading Mode"},"sceneLighting":false,"audioPlay":false,"sceneViewState":{"showFog":true,"showMaterialUpdate":false,"showSkybox":false,"showFlares":true,"showImageEffects":true,"showParticleSystems":true,"showVisualEffectGraphs":true,"m_FxEnabled":true},"in2DMode":false,"pivot":{"x":-0.009307026863098145,"y":-0.07029503583908081,"z":0.9755755662918091},"rotation":{"x":0.15560981631278993,"y":0.5699210166931152,"z":-0.11097270250320435,"w":0.7991626262664795},"size":0.646929144859314,"orthographic":false}