{"cameraMode":{"drawMode":0,"name":"Shaded","section":"Shading Mode"},"sceneLighting":false,"audioPlay":false,"sceneViewState":{"showFog":true,"showMaterialUpdate":false,"showSkybox":false,"showFlares":true,"showImageEffects":true,"showParticleSystems":true,"showVisualEffectGraphs":true,"m_FxEnabled":true},"in2DMode":false,"pivot":{"x":-3.6663315296173097,"y":2.0998055934906008,"z":10.188287734985352},"rotation":{"x":0.3058242201805115,"y":0.0057080574333667759,"z":-0.0018335978966206313,"w":0.9520694017410278},"size":3.1854708194732668,"orthographic":false}